inei,reniec,departamento,provincia,region,macroregion_inei,macroregion_minsa,iso_3166_2,fips,capital,superficie,pob_densidad_2020,altitude,latitude,longitude,indice_densidad_estado,indice_vulnerabilidad_alimentaria,idh_2019,pct_pobreza_total,pct_pobreza_extrema
010100,010100,AMAZONAS,CHACHAPOYAS,AMAZONAS,ORIENTE,MACROREGION ORIENTE,PE-AMA,01,Chachapoyas,3312.37,17.7434888010699,2338,-6.22944444444445,-77.8727777777777,0.76727899863208504,0.39617508649826,0.54266528829961902,22.021474,11.6985240440371
010200,010200,AMAZONAS,BAGUA,AMAZONAS,ORIENTE,MACROREGION ORIENTE,PE-AMA,01,Bagua,5652.72,17.3562461965213,408,-5.63888888888889,-78.5311111111111,0.64920285677771705,0.51947927474975597,0.46103622424613799,34.843027,23.0681401784616
010300,010300,AMAZONAS,BONGARA,AMAZONAS,ORIENTE,MACROREGION ORIENTE,PE-AMA,01,Jumbilla,2869.65,10.2225010018643,2081,-5.90444444444445,-77.7977777777778,0.71639089022042102,0.50935518741607699,0.41289545257260002,33.240504,10.7402463151978
010400,010600,AMAZONAS,CONDORCANQUI,AMAZONAS,ORIENTE,MACROREGION ORIENTE,PE-AMA,01,Santa María de Nieva,17975.39,4.22177210063314,189,-4.59222222222222,-77.8644444444444,0.40882896570212401,0.69078904390335105,0.2534515691766,56.831603,38.1406293433147
010500,010400,AMAZONAS,LUYA,AMAZONAS,ORIENTE,MACROREGION ORIENTE,PE-AMA,01,Lámud,3236.68,15.703436855049,2328,-6.13916666666667,-77.9522222222222,0.70520448666495095,0.58221524953842196,0.34105023950541802,48.148547,24.9978835615903
010600,010500,AMAZONAS,RODRIGUEZ DE MENDOZA,AMAZONAS,ORIENTE,MACROREGION ORIENTE,PE-AMA,01,Mendoza,2359.39,14.1311949275024,1616,-6.39527777777778,-77.4822222222222,0.67419772918221399,0.59198123216628995,0.366407435251007,33.212151,13.3277167732224
010700,010700,AMAZONAS,UTCUBAMBA,AMAZONAS,ORIENTE,MACROREGION ORIENTE,PE-AMA,01,Bagua Grande,3842.93,32.9745792923629,444,-5.75472222222222,-78.4427777777778,0.69374940881020297,0.53139197826385498,0.47011892577744702,29.898639,12.1968377137765
020100,020100,ANCASH,HUARAZ,ANCASH,CENTRO,MACROREGION NORTE,PE-ANC,02,Huaraz,2492.91,73.2268714073111,3073,-9.52972222222222,-77.5291666666667,0.78515004949526801,0.38161420822143599,0.56254327046814601,14.512266,3.12243586478401
020200,020200,ANCASH,AIJA,ANCASH,CENTRO,MACROREGION NORTE,PE-ANC,02,Aija,696.72,11.5139510850844,3421,-9.78027777777778,-77.610555555555493,0.68600728414937495,0.586117923259735,0.36927895209601402,31.732225,12.8199311027335
020300,021600,ANCASH,ANTONIO RAYMONDI,ANCASH,CENTRO,MACROREGION NORTE,PE-ANC,02,Llamellín,561.61,28.5482808354552,3400,-9.10083333333333,-77.0169444444445,0.74801080690001298,0.67456173896789595,0.31633689336482201,41.125937,21.3166480902413
020400,021800,ANCASH,ASUNCION,ANCASH,CENTRO,MACROREGION NORTE,PE-ANC,02,Chacas,528.66,15.7000718798472,3387,-9.16222222222222,-77.3658333333333,0.75479011697773701,0.57966423034668002,0.38904986368856398,33.411157,7.81171245113127
020500,020300,ANCASH,BOLOGNESI,ANCASH,CENTRO,MACROREGION NORTE,PE-ANC,02,Chiquián,3154.8,8.05724610117915,3410,-10.1519444444444,-77.1563888888889,0.72594607948294299,0.45852726697921797,0.453107932719228,27.112659,4.79288210439709
020600,020400,ANCASH,CARHUAZ,ANCASH,CENTRO,MACROREGION NORTE,PE-ANC,02,Carhuaz,803.95,66.26780272405,2663,-9.28138888888889,-77.6466666666667,0.71262212625320398,0.55743455886840798,0.40891465222798701,30.441948,10.867996616394
020700,021700,ANCASH,CARLOS FERMIN FITZCARRALD,ANCASH,CENTRO,MACROREGION NORTE,PE-ANC,02,San Luis,624.25,32.6295554665599,3145,-9.09416666666667,-77.3288888888889,0.68918198272537101,0.672915399074555,0.30596855323261901,41.324383,17.1843511851073
020800,020500,ANCASH,CASMA,ANCASH,CENTRO,MACROREGION NORTE,PE-ANC,02,Casma,2261.03,23.7621791838233,59,-9.47583333333334,-78.3063888888889,0.66858390901880904,0.315449178218842,0.55730092075488502,18.53785,2.94831331397711
020900,020600,ANCASH,CORONGO,ANCASH,CENTRO,MACROREGION NORTE,PE-ANC,02,Corongo,988.01,7.92400886630702,3172,-8.57083333333333,-77.8988888888889,0.73496470779520495,0.59739327430725098,0.38825612358498601,41.450145,8.03960766637867
021000,020800,ANCASH,HUARI,ANCASH,CENTRO,MACROREGION NORTE,PE-ANC,02,Huari,2771.9,28.7265052851834,3114,-9.34722222222222,-77.1708333333333,0.72748393103287701,0.55340397357940696,0.424135442845821,30.587427,7.87292309799095
021100,021900,ANCASH,HUARMEY,ANCASH,CENTRO,MACROREGION NORTE,PE-ANC,02,Huarmey,3903.16,8.50106067903955,30,-10.0688888888889,-78.1516666666667,0.69701197301857198,0.299821317195892,0.57446123055463405,15.071878,2.93912867589326
021200,020700,ANCASH,HUAYLAS,ANCASH,CENTRO,MACROREGION NORTE,PE-ANC,02,Caraz,2292.78,26.7784087439702,2273,-9.04861111111111,-77.8047222222222,0.70713129166088395,0.55044102668762196,0.40555962580593402,36.655947,17.6249362971907
021300,020900,ANCASH,MARISCAL LUZURIAGA,ANCASH,CENTRO,MACROREGION NORTE,PE-ANC,02,Piscobamba,730.58,32.5303183771798,3326,-8.865,-77.3577777777778,0.63612051202527697,0.69415229558944702,0.27613298173258299,51.920906,16.7370305340092
021400,022000,ANCASH,OCROS,ANCASH,CENTRO,MACROREGION NORTE,PE-ANC,02,Ocros,1925.43,3.59400237868944,3238,-10.4033333333333,-77.3966666666667,0.67368207368772404,0.54911184310913097,0.46545448462455102,26.655193,7.46903464932947
021500,021000,ANCASH,PALLASCA,ANCASH,CENTRO,MACROREGION NORTE,PE-ANC,02,Cabana,2101.21,12.6241546537471,3156,-8.39305555555556,-78.0088888888889,0.72225076423248402,0.63343131542205799,0.32717429468472398,53.94316,11.8680851689035
021600,021100,ANCASH,POMABAMBA,ANCASH,CENTRO,MACROREGION NORTE,PE-ANC,02,Pomabamba,914.05,31.112083584049,2964,-8.82111111111111,-77.4602777777778,0.69598203265832403,0.60588431358337402,0.34197098107568902,41.620355000000004,16.7920904458728
021700,021200,ANCASH,RECUAY,ANCASH,CENTRO,MACROREGION NORTE,PE-ANC,02,Recuay,2304.19,9.25574713890782,3428,-9.72166666666667,-77.4563888888889,0.69483135465017098,0.50766462087631203,0.42678473136720901,25.482695,11.6956710511402
021800,021300,ANCASH,SANTA,ANCASH,CENTRO,MACROREGION NORTE,PE-ANC,02,Chimbote,4008.61,123.643856598671,52,-9.04166666666667,-78.6077777777778,0.75320035478407998,0.221503615379333,0.61522077507572104,14.769666,1.0897868934798
021900,021400,ANCASH,SIHUAS,ANCASH,CENTRO,MACROREGION NORTE,PE-ANC,02,Sihuas,1455.97,22.1652918672775,2767,-8.55444444444445,-77.6308333333333,0.69773499982354403,0.693373203277588,0.31432354562866299,50.933864,8.69098831793505
022000,021500,ANCASH,YUNGAY,ANCASH,CENTRO,MACROREGION NORTE,PE-ANC,02,Yungay,1361.48,45.2683844052061,2517,-9.14,-77.7447222222222,0.69550230174212802,0.64588892459869396,0.335807832904921,40.296988,12.1043891484453
030100,030100,APURIMAC,ABANCAY,APURIMAC,SUR,MACROREGION CENTRO,PE-APU,03,Abancay,3447.13,34.5864530783579,2500,-13.6288888888889,-72.8861111111111,0.78919757502992705,0.35967522859573398,0.52131296636062496,24.316559,7.7524408811462
030200,030300,APURIMAC,ANDAHUAYLAS,APURIMAC,SUR,MACROREGION CENTRO,PE-APU,03,Andahuaylas,3987,41.866566340607,2836,-13.6561111111111,-73.3897222222222,0.75381616932685802,0.53819239139556896,0.42188278475983298,37.386675,13.7993304602197
030300,030400,APURIMAC,ANTABAMBA,APURIMAC,SUR,MACROREGION CENTRO,PE-APU,03,Antabamba,3219.01,4.03509153435373,3664,-14.3652777777778,-72.8772222222222,0.67675559861850498,0.60603821277618397,0.32310235359846201,32.902211,28.1631243675668
030400,030200,APURIMAC,AYMARAES,APURIMAC,SUR,MACROREGION CENTRO,PE-APU,03,Chalhuanca,4213.07,6.85699501788482,2929,-14.2944444444444,-73.2447222222222,0.73073686856895503,0.62089639902114901,0.35512818999328399,36.600052,16.0301185113739
030500,030500,APURIMAC,COTABAMBAS,APURIMAC,SUR,MACROREGION CENTRO,PE-APU,03,Tambobamba,2612.73,20.8391222973671,3267,-13.9461111111111,-72.1747222222222,0.655361238290182,0.55741775035858199,0.372053682028399,43.759953,34.3300246370072
030600,030700,APURIMAC,CHINCHEROS,APURIMAC,SUR,MACROREGION CENTRO,PE-APU,03,Chincheros,1242.31,42.1537297453936,2799,-13.5183333333333,-73.7227777777778,0.73469925894875798,0.64369291067123402,0.34430351485060301,44.889606,21.2206272555109
030700,030600,APURIMAC,GRAU,APURIMAC,SUR,MACROREGION CENTRO,PE-APU,03,Chuquibambilla,2174.52,11.7161488512407,3360,-14.105,-72.7077777777778,0.71346608630191799,0.60983955860137995,0.30448831902541501,44.956045,21.0948574786292
040100,040100,AREQUIPA,AREQUIPA,AREQUIPA,SUR,MACROREGION SUR,PE-ARE,04,Arequipa,9682.02,126.144957353941,2429,-16.3933333333333,-71.5288888888889,0.81882811815002599,0.16188865900039701,0.66933497919902996,6.488554,0.902336991987635
040200,040300,AREQUIPA,CAMANA,AREQUIPA,SUR,MACROREGION SUR,PE-ARE,04,Camaná,3997.73,16.676714035215,20,-16.6247222222222,-72.7113888888889,0.76065197793074402,0.208391427993774,0.62413334857347802,12.960264,1.28124857914782
040300,040400,AREQUIPA,CARAVELI,AREQUIPA,SUR,MACROREGION SUR,PE-ARE,04,Caravelí,13139.43,2.75278303548936,1811,-15.7725,-73.3658333333333,0.72375426894555905,0.25477647781372098,0.61648684445787305,12.676084,2.14426816665872
040400,040500,AREQUIPA,CASTILLA,AREQUIPA,SUR,MACROREGION SUR,PE-ARE,04,Aplao,6914.48,5.09351390126228,625,-16.0761111111111,-72.4922222222222,0.78035267414317,0.33616161346435602,0.56624380888617698,18.491124,7.30643749369459
040500,040200,AREQUIPA,CAYLLOMA,AREQUIPA,SUR,MACROREGION SUR,PE-ARE,04,Chivay,14019.46,7.50799246190652,3683,-15.6402777777778,-71.6036111111111,0.70462489651295301,0.35307437181472801,0.588818268722751,17.184619,6.12839906750216
040600,040600,AREQUIPA,CONDESUYOS,AREQUIPA,SUR,MACROREGION SUR,PE-ARE,04,Chuquibamba,6958.4,2.32941480800184,2916,-15.8394444444444,-72.6516666666667,0.66858624990237203,0.41351157426834101,0.58157112313045201,21.164887,13.8197128756972
040700,040700,AREQUIPA,ISLAY,AREQUIPA,SUR,MACROREGION SUR,PE-ARE,04,Mollendo,3886.03,15.3920582187991,73,-17.0291666666667,-72.0163888888889,0.77566789725588303,0.181297898292542,0.63093813112497099,10.175948,1.06233647586576
040800,040800,AREQUIPA,LA UNION,AREQUIPA,SUR,MACROREGION SUR,PE-ARE,04,Cotahuasi,4746.4,3.28017023428283,2696,-15.2127777777778,-72.889444444444507,0.76596272705412805,0.60097229480743397,0.35794848623647901,36.913942,23.8216528448687
050100,050100,AYACUCHO,HUAMANGA,AYACUCHO,CENTRO,MACROREGION CENTRO,PE-AYA,05,Ayacucho,3099.52,101.008865888912,2797,-13.1602777777778,-74.2252777777778,0.76930924773613196,0.388425052165985,0.48939599982384102,24.429288,11.6961137089656
050200,050200,AYACUCHO,CANGALLO,AYACUCHO,CENTRO,MACROREGION CENTRO,PE-AYA,05,Cangallo,1889.42,19.1566724179907,2574,-13.6291666666667,-74.1438888888889,0.69027489959142596,0.67895829677581798,0.32931156793845501,48.741832,32.6536111676744
050300,050800,AYACUCHO,HUANCA SANCOS,AYACUCHO,CENTRO,MACROREGION CENTRO,PE-AYA,05,Huanca Sancos,2862.33,3.56912026216404,3433,-13.9197222222222,-74.3341666666667,0.71718761908378603,0.54135811328887995,0.38278820362369798,42.467554,26.3723969363505
050400,050300,AYACUCHO,HUANTA,AYACUCHO,CENTRO,MACROREGION CENTRO,PE-AYA,05,Huanta,3868.32,27.223962857261,2685,-12.9394444444444,-74.2480555555556,0.70260581168587599,0.55335170030593905,0.38953009603970801,43.984348,27.0457231530846
050500,050400,AYACUCHO,LA MAR,AYACUCHO,CENTRO,MACROREGION CENTRO,PE-AYA,05,San Miguel,4306.64,19.970789292813,2696,-13.0127777777778,-73.9811111111111,0.67429799111370803,0.65301936864852905,0.332574685607884,46.668414,26.0079267774253
050600,050500,AYACUCHO,LUCANAS,AYACUCHO,CENTRO,MACROREGION CENTRO,PE-AYA,05,Puquio,14494.64,3.40380996009559,3234,-14.6941666666667,-74.1244444444444,0.70251834026524795,0.53584730625152599,0.42544900603570102,40.728288,19.1228990503576
050700,050600,AYACUCHO,PARINACOCHAS,AYACUCHO,CENTRO,MACROREGION CENTRO,PE-AYA,05,Coracora,5968.32,4.3754356334781,3166,-15.0169444444444,-73.7813888888889,0.737773886915015,0.45916521549224898,0.41744346365725998,38.246339,22.0782542360056
050800,051000,AYACUCHO,PAUCAR DEL SARA SARA,AYACUCHO,CENTRO,MACROREGION CENTRO,PE-AYA,05,Pausa,2096.92,4.35543559124812,2536,-15.2786111111111,-73.3441666666667,0.76065328736912097,0.45291721820831299,0.43551852121097701,29.877316,19.0072799180121
050900,051100,AYACUCHO,SUCRE,AYACUCHO,CENTRO,MACROREGION CENTRO,PE-AYA,05,Querobamba,1785.64,5.87856454828521,3516,-14.0116666666667,-73.8386111111111,0.72726383932987904,0.58314019441604603,0.38748797791947098,46.24869,30.8403864009339
051000,050700,AYACUCHO,VICTOR FAJARDO,AYACUCHO,CENTRO,MACROREGION CENTRO,PE-AYA,05,Huancapi,2260.19,9.88412478596932,3105,-13.7522222222222,-74.0666666666667,0.71196032041116597,0.63163089752197299,0.375382199657322,53.018594,32.105582570946
051100,050900,AYACUCHO,VILCAS HUAMAN,AYACUCHO,CENTRO,MACROREGION CENTRO,PE-AYA,05,Vilcas Huamán,1171.32,18.6319707680224,3494,-13.6525,-73.9538888888889,0.689339424428703,0.66652846336364802,0.31430795894944502,44.644282,29.267140019262
060100,060100,CAJAMARCA,CAJAMARCA,CAJAMARCA,NORTE,MACROREGION NORTE,PE-CAJ,06,Cajamarca,2979.78,136.314090301969,2731,-7.15472222222222,-78.5108333333333,0.74700709719590197,0.45352911949157698,0.535394003901843,33.687622,15.7710334376908
060200,060200,CAJAMARCA,CAJABAMBA,CAJAMARCA,NORTE,MACROREGION NORTE,PE-CAJ,06,Cajabamba,1807.64,49.7859086986347,2687,-7.62305555555555,-78.0461111111111,0.66506039444292797,0.64645177125930797,0.35038197593107501,52.593596,42.8574875840109
060300,060300,CAJAMARCA,CELENDIN,CAJAMARCA,NORTE,MACROREGION NORTE,PE-CAJ,06,Celendín,2641.59,37.0799404903865,2629,-6.86694444444444,-78.1430555555555,0.65306787163156299,0.71181547641754195,0.322969234443926,57.938471,40.9529671025905
060400,060600,CAJAMARCA,CHOTA,CAJAMARCA,NORTE,MACROREGION NORTE,PE-CAJ,06,Chota,3795.1,44.9300413691339,2430,-6.55972222222222,-78.6469444444445,0.68553748821339999,0.66504007577896096,0.36051007255192302,58.113861,29.3701090887041
060500,060400,CAJAMARCA,CONTUMAZA,CAJAMARCA,NORTE,MACROREGION NORTE,PE-CAJ,06,Contumazá,2070.33,14.3170412446325,2695,-7.36666666666667,-78.8052777777778,0.65951083147029899,0.57401680946350098,0.42210334870185201,45.350054,25.5848640567282
060600,060500,CAJAMARCA,CUTERVO,CAJAMARCA,NORTE,MACROREGION NORTE,PE-CAJ,06,Cutervo,3028.46,46.1548113562669,2665,-6.37722222222222,-78.8180555555555,0.65887363517584896,0.65541684627533003,0.35476566556050299,57.503063,37.34835645768
060700,060700,CAJAMARCA,HUALGAYOC,CAJAMARCA,NORTE,MACROREGION NORTE,PE-CAJ,06,Bambamarca,777.15,128.69973621566,2556,-6.67972222222222,-78.5188888888889,0.67028780834505997,0.62652796506881703,0.36934333278835402,51.939595,25.3518234050847
060800,060800,CAJAMARCA,JAEN,CAJAMARCA,NORTE,MACROREGION NORTE,PE-CAJ,06,Jaén,5232.57,44.1727487639917,728,-5.70888888888889,-78.8091666666667,0.690882289980988,0.50321972370147705,0.49439831941815698,39.364812,16.076147008845
060900,061100,CAJAMARCA,SAN IGNACIO,CAJAMARCA,NORTE,MACROREGION NORTE,PE-CAJ,06,San Ignacio,4977.08,31.6635456934588,1295,-5.14611111111111,-79.0047222222222,0.66518126296231495,0.62487447261810303,0.35969761438944697,51.96677,30.808762799628
061000,061200,CAJAMARCA,SAN MARCOS,CAJAMARCA,NORTE,MACROREGION NORTE,PE-CAJ,06,San Marcos,1362.32,42.5193787069117,2280,-7.33583333333333,-78.17,0.67093891246400195,0.66896903514862105,0.33897187702209702,57.208108,39.5049061856557
061100,061000,CAJAMARCA,SAN MIGUEL,CAJAMARCA,NORTE,MACROREGION NORTE,PE-CAJ,06,San Miguel de Pallaques,2542.08,20.8919467522659,2612,-7,-78.85,0.66801542781207901,0.59051936864852905,0.37070480463948602,53.107664,34.7648155717841
061200,061300,CAJAMARCA,SAN PABLO,CAJAMARCA,NORTE,MACROREGION NORTE,PE-CAJ,06,San Pablo,672.29,38.9697898228443,2391,-7.11861111111111,-78.8233333333333,0.659078653920534,0.69538104534149203,0.31259994862552398,67.307002,35.9446070165389
061300,060900,CAJAMARCA,SANTA CRUZ,CAJAMARCA,NORTE,MACROREGION NORTE,PE-CAJ,06,Santa Cruz de Succhabamba,1417.93,30.6615982453295,2036,-6.62583333333333,-78.9441666666667,0.68359305737177001,0.65890967845916804,0.39097616022984399,53.254358,31.9672776288705
070100,240100,CALLAO,CALLAO,CALLAO,LIMA METROPOLITANA,LIMA Y CALLAO,PE-CAL,07,Callao,145.91,7867.5279281749,27,-12.0630555555556,-77.1469444444445,0.80842821602375403,0.12476223707199099,0.64016310985959901,16.892062,0.5
080100,070100,CUSCO,CUSCO,CUSCO,SUR,MACROREGION SUR,PE-CUS,08,Cusco,617,815.752025931928,3439,-13.5191666666667,-71.9766666666667,0.826478607650598,0.26424872875213601,0.665288583510104,8.140986,0.28544299120666
080200,070200,CUSCO,ACOMAYO,CUSCO,SUR,MACROREGION SUR,PE-CUS,08,Acomayo,948.22,28.7106367720571,3235,-13.9194444444444,-71.6836111111111,0.73880669234463103,0.64607614278793302,0.29765110209544299,40.03586,13.9611105885579
080300,070300,CUSCO,ANTA,CUSCO,SUR,MACROREGION SUR,PE-CUS,08,Anta,1876.12,35.5345073875871,3363,-13.4577777777778,-72.1475,0.71465207799147301,0.54123008251190197,0.39451511932314698,29.465851,5.86450563255025
080400,070400,CUSCO,CALCA,CUSCO,SUR,MACROREGION SUR,PE-CUS,08,Calca,4414.49,17.3589701188586,2955,-13.3211111111111,-71.9555555555555,0.71502357400901895,0.55545949935913097,0.38933984639209401,34.018149,7.33453589109189
080500,070500,CUSCO,CANAS,CUSCO,SUR,MACROREGION SUR,PE-CUS,08,Yanaoca,2103.76,19.6681180362779,3925,-14.2166666666667,-71.4322222222222,0.63955235743463301,0.679729223251343,0.25678679867286902,49.690879,9.9693306744438
080600,070600,CUSCO,CANCHIS,CUSCO,SUR,MACROREGION SUR,PE-CUS,08,Sicuani,3999.27,28.1616394992086,3593,-14.2380555555556,-71.2308333333333,0.74585250163958605,0.41576236486434898,0.46822553661641397,28.812184,4.57112046313923
080700,070700,CUSCO,CHUMBIVILCAS,CUSCO,SUR,MACROREGION SUR,PE-CUS,08,Santo Tomás,5371.08,15.1859588760547,3676,-14.4533333333333,-72.0822222222222,0.65331799991482797,0.67618125677108798,0.33722823720575101,48.140973,12.1100825549882
080800,070800,CUSCO,ESPINAR,CUSCO,SUR,MACROREGION SUR,PE-CUS,08,Yauri,5311.09,12.775343667684,3976,-14.7930555555556,-71.4133333333333,0.652421868403537,0.47084909677505499,0.46336063981481801,30.934629,5.19499258090353
080900,070900,CUSCO,LA CONVENCION,CUSCO,SUR,MACROREGION SUR,PE-CUS,08,Quillabamba,30061.82,7.17830790018701,1086,-12.8627777777778,-72.6933333333333,0.68719597789056597,0.52143520116805997,0.45051159283270997,25.366022,3.33276217135448
081000,071000,CUSCO,PARURO,CUSCO,SUR,MACROREGION SUR,PE-CUS,08,Paruro,1984.42,16.843712520535,3086,-13.7616666666667,-71.8477777777778,0.70939412079078201,0.72186237573623602,0.24839508922803799,42.0633,13.5845189178122
081100,071100,CUSCO,PAUCARTAMBO,CUSCO,SUR,MACROREGION SUR,PE-CUS,08,Paucartambo,6295.01,8.53247254571478,2917,-13.3177777777778,-71.5966666666667,0.65369745034229199,0.77181196212768599,0.24239512887728201,46.888259,20.7399319594225
081200,071200,CUSCO,QUISPICANCHI,CUSCO,SUR,MACROREGION SUR,PE-CUS,08,Urcos,7564.79,13.803159109506,3179,-13.6877777777778,-71.6252777777778,0.69638358937966105,0.56610238552093495,0.34661605388837302,41.33963,14.6479690023507
081300,071300,CUSCO,URUBAMBA,CUSCO,SUR,MACROREGION SUR,PE-CUS,08,Urubamba,1439.43,53.045302654523,2885,-13.3055555555556,-72.1161111111111,0.75391675161807803,0.38270914554595897,0.53802549264507105,24.591202,2.26105227997248
090100,080100,HUANCAVELICA,HUANCAVELICA,HUANCAVELICA,CENTRO,MACROREGION CENTRO,PE-HUV,09,Huancavelica,4215.56,33.1870498818662,3746,-12.7869444444444,-74.9713888888889,0.73280600432995202,0.48479074239730802,0.42649871612420498,33.700447,10.5268656271773
090200,080200,HUANCAVELICA,ACOBAMBA,HUANCAVELICA,CENTRO,MACROREGION CENTRO,PE-HUV,09,Acobamba,910.82,53.6329900529194,3449,-12.8430555555556,-74.5691666666667,0.70180105908421397,0.68402373790741,0.30872788779823401,41.081661,15.7175768389343
090300,080300,HUANCAVELICA,ANGARAES,HUANCAVELICA,CENTRO,MACROREGION CENTRO,PE-HUV,09,Lircay,1959.03,29.5661628458982,3345,-12.9827777777778,-74.7183333333333,0.66366974714814497,0.64843326807022095,0.32589443393241901,47.585171,16.5935335794407
090400,080400,HUANCAVELICA,CASTROVIRREYNA,HUANCAVELICA,CENTRO,MACROREGION CENTRO,PE-HUV,09,Castrovirreyna,3984.62,5.06321807349258,3989,-13.2833333333333,-75.3183333333333,0.63542009484031203,0.67388218641281095,0.39540376362871599,33.928554,14.2592762579112
090500,080700,HUANCAVELICA,CHURCAMPA,HUANCAVELICA,CENTRO,MACROREGION CENTRO,PE-HUV,09,Churcampa,1218.42,33.0912164934916,3295,-12.7391666666667,-74.3872222222222,0.68477423495088396,0.70619153976440396,0.32063622026690197,40.310835,21.7327836436542
090600,080600,HUANCAVELICA,HUAYTARA,HUANCAVELICA,CENTRO,MACROREGION CENTRO,PE-HUV,09,Huaytará,6458.39,3.73250918572585,2732,-13.6047222222222,-75.3530555555555,0.61509218283705902,0.68198055028915405,0.40137603138584099,28.694078,21.0386446030836
090700,080500,HUANCAVELICA,TAYACAJA,HUANCAVELICA,CENTRO,MACROREGION CENTRO,PE-HUV,09,Pampas,3378.36,30.7483512710309,3282,-12.3991666666667,-74.8683333333333,0.70168056941137302,0.65870678424835205,0.36393637351503999,43.643998,17.6417192905736
100100,090100,HUANUCO,HUANUCO,HUANUCO,CENTRO,MACROREGION CENTRO,PE-HUC,10,Huánuco,3591.59,92.073983945829,1921,-9.93,-76.2397222222222,0.71592991808017103,0.39380621910095198,0.52869319008585902,21.102206,13.5612378086434
100200,090200,HUANUCO,AMBO,HUANUCO,CENTRO,MACROREGION CENTRO,PE-HUC,10,Ambo,1575.18,39.4316839980193,2106,-10.1291666666667,-76.2044444444445,0.63586276932920704,0.63287782669067405,0.37543633672343901,33.998245,22.7279999219742
100300,090300,HUANUCO,DOS DE MAYO,HUANUCO,CENTRO,MACROREGION CENTRO,PE-HUC,10,La Unión,1468.07,28.5783375452124,3275,-9.83777777777778,-76.8036111111111,0.65111823529318802,0.68151372671127297,0.38504506653289799,39.412975,20.5159168647425
100400,090900,HUANUCO,HUACAYBAMBA,HUANUCO,CENTRO,MACROREGION CENTRO,PE-HUC,10,Huacaybamba,1741.62,10.9656526682055,3176,-9.03805555555555,-76.9525,0.66837993498156401,0.66992443799972601,0.31845746720016699,53.199515,32.9856651445637
100500,090400,HUANUCO,HUAMALIES,HUANUCO,CENTRO,MACROREGION CENTRO,PE-HUC,10,Llata,3144.5,20.363173795516,3489,-9.54972222222222,-76.8186111111111,0.64222953759629797,0.69056451320648204,0.37805391721142201,39.27269,18.9257507221961
100600,090600,HUANUCO,LEONCIO PRADO,HUANUCO,CENTRO,MACROREGION CENTRO,PE-HUC,10,Tingo María,4942.89,30.1647416794628,667,-9.29805555555555,-76.0005555555556,0.65503381554671503,0.41646182537078902,0.499959701878324,17.284471,9.92219165464359
100700,090500,HUANUCO,MARAÑON,HUANUCO,CENTRO,MACROREGION CENTRO,PE-HUC,10,Huacrachuco,4801.26,6.64325614526187,2914,-8.60472222222222,-77.1491666666667,0.56382033191379699,0.71605527400970503,0.32936503516825699,37.597842,28.3730316085985
100800,090700,HUANUCO,PACHITEA,HUANUCO,CENTRO,MACROREGION CENTRO,PE-HUC,10,Panao,3069.02,20.8050126750559,2536,-9.8975,-75.9941666666667,0.56157463142852204,0.72199833393096902,0.27313445048064999,46.545221,30.9177246593378
100900,090800,HUANUCO,PUERTO INCA,HUANUCO,CENTRO,MACROREGION CENTRO,PE-HUC,10,Puerto Inca,10341.35,4.2222727206796,215,-9.37888888888889,-74.9658333333333,0.466009848478183,0.63918560743331898,0.38725006237958098,23.641884,9.07961431755105
101000,091000,HUANUCO,LAURICOCHA,HUANUCO,CENTRO,MACROREGION CENTRO,PE-HUC,10,Jesús,1860.49,13.5421313739929,3499,-10.0783333333333,-76.6313888888889,0.58261727758087201,0.69664442539215099,0.42238597410905399,33.664251,16.5418089231481
101100,091100,HUANUCO,YAROWILCA,HUANUCO,CENTRO,MACROREGION CENTRO,PE-HUC,10,Chavinillo,727.47,47.045238978927,3475,-9.85888888888889,-76.6088888888889,0.59524857286578003,0.78578150272369396,0.30066852991931498,43.259277,21.8902561225049
110100,100100,ICA,ICA,ICA,CENTRO,MACROREGION CENTRO,PE-ICA,11,Ica,7894.05,53.6311525769409,432,-14.0636111111111,-75.7291666666667,0.80904235268799296,0.197880148887634,0.63970167278467904,3.202815,0.0270399478362889
110200,100200,ICA,CHINCHA,ICA,CENTRO,MACROREGION CENTRO,PE-ICA,11,Chincha Alta,2987.35,84.3198821698161,140,-13.4183333333333,-76.1325,0.75935805735667505,0.204845070838928,0.58832352616093997,3.132738,0.0183718324218082
110300,100300,ICA,"NAZCA",ICA,CENTRO,MACROREGION CENTRO,PE-ICA,11,Nasca,5234.08,15.4737795371871,618,-14.8269444444444,-74.9372222222222,0.71225380108728797,0.20987510681152299,0.61256228206165297,3.106463,0.00822524093377863
110400,100500,ICA,PALPA,ICA,CENTRO,MACROREGION CENTRO,PE-ICA,11,Palpa,1232.88,13.058854065278,371,-14.5338888888889,-75.185,0.76818184392848499,0.282395839691162,0.60755571170231804,4.678557,0.00217115336770603
110500,100400,ICA,PISCO,ICA,CENTRO,MACROREGION CENTRO,PE-ICA,11,Pisco,3957.15,41.9261337073399,39,-13.71,-76.2016666666667,0.75855620806135404,0.20967966318130499,0.57409095857716597,3.682112,0.386710015211027
120100,110100,JUNIN,HUANCAYO,JUNIN,CENTRO,MACROREGION CENTRO,PE-JUN,12,Huancayo,3561.3,173.140145452503,3294,-12.070833333333301,-75.2088888888889,0.80121865385714697,0.31134068965911899,0.57612615574724502,12.796271,1.75663216512372
120200,110200,JUNIN,CONCEPCION,JUNIN,CENTRO,MACROREGION CENTRO,PE-JUN,12,Concepción,3075.34,21.773852647187,3303,-11.9188888888889,-75.3125,0.71853410195744205,0.46623265743255599,0.45385311051305799,27.105082,8.3052316866018
120300,110800,JUNIN,CHANCHAMAYO,JUNIN,CENTRO,MACROREGION CENTRO,PE-JUN,12,La Merced,4725.48,39.2051177869761,804,-11.0566666666667,-75.3275,0.68509225521897399,0.38569724559783902,0.47864803296130298,25.065709,4.04856663973883
120400,110300,JUNIN,JAUJA,JUNIN,CENTRO,MACROREGION CENTRO,PE-JUN,12,Jauja,3749.1,25.2239204075645,3425,-11.7755555555556,-75.5005555555556,0.76776728454955401,0.371942639350891,0.50063654418435799,23.960073,5.83341710352436
120500,110400,JUNIN,JUNIN,JUNIN,CENTRO,MACROREGION CENTRO,PE-JUN,12,Junín,2487.31,10.1511271212676,4127,-11.1613888888889,-75.9983333333333,0.72914973859611598,0.41866314411163302,0.431471860723871,33.49332,11.3023758743875
120600,110700,JUNIN,SATIPO,JUNIN,CENTRO,MACROREGION CENTRO,PE-JUN,12,Satipo,19219.48,10.7949850880461,676,-11.2538888888889,-74.6361111111111,0.58072448139079202,0.62028455734252896,0.39384720278434499,35.491748,4.95142864219865
120700,110500,JUNIN,TARMA,JUNIN,CENTRO,MACROREGION CENTRO,PE-JUN,12,Tarma,2749.16,37.3735977534956,3094,-11.42,-75.6880555555555,0.75187238855398197,0.37880724668502802,0.47745788873110401,22.776437,7.33318915791528
120800,110600,JUNIN,YAULI,JUNIN,CENTRO,MACROREGION CENTRO,PE-JUN,12,La Oroya,3617.35,11.7152058827595,3757,-11.5219444444444,-75.9077777777778,0.77755492241102098,0.31146675348281899,0.63686016334485196,12.779803,1.95181028259584
120900,110900,JUNIN,CHUPACA,JUNIN,CENTRO,MACROREGION CENTRO,PE-JUN,12,Chupaca,1144.28,58.5337504806516,3286,-12.0577777777778,-75.2894444444444,0.72234783243031797,0.37632834911346402,0.51028443526600198,20.330267,4.0939221092272
130100,120100,LA LIBERTAD,TRUJILLO,LA LIBERTAD,NORTE,MACROREGION NORTE,PE-LAL,13,Trujillo,1766.89,623.977723570794,74,-8.1,-79.0305555555556,0.81219122340599903,0.179093897342682,0.63991459603216805,14.527435,1.0900032401289
130200,120800,LA LIBERTAD,ASCOPE,LA LIBERTAD,NORTE,MACROREGION NORTE,PE-LAL,13,Ascope,2658.64,48.8306051214154,242,-7.71361111111111,-79.1072222222222,0.78906018191674898,0.22392606735229501,0.58492781147870498,22.276254,1.87918084949615
130300,120200,LA LIBERTAD,BOLIVAR,LA LIBERTAD,NORTE,MACROREGION NORTE,PE-LAL,13,Bolívar,1718.86,10.33359319549,3157,-7.15388888888889,-77.7022222222222,0.70457706631388795,0.65233045816421498,0.294998261362244,52.764546,41.3820261499426
130400,120900,LA LIBERTAD,CHEPEN,LA LIBERTAD,NORTE,MACROREGION NORTE,PE-LAL,13,Chepén,1142.43,80.8776030041228,160,-7.2275,-79.4294444444444,0.75913085905781497,0.25889533758163402,0.558693646146731,26.68569,3.50494502259456
130500,121000,LA LIBERTAD,JULCAN,LA LIBERTAD,NORTE,MACROREGION NORTE,PE-LAL,13,Julcán,1101.39,33.8290705381382,3420,-8.04277777777778,-78.4863888888889,0.62066018693129699,0.64840048551559504,0.21955269163204999,51.912814,48.6658747819406
130600,120400,LA LIBERTAD,OTUZCO,LA LIBERTAD,NORTE,MACROREGION NORTE,PE-LAL,13,Otuzco,2110.77,48.3723949080194,2701,-7.90222222222222,-78.5655555555555,0.680308480707843,0.60022121667862005,0.278322949710468,47.348846,27.6716718430965
130700,120500,LA LIBERTAD,PACASMAYO,LA LIBERTAD,NORTE,MACROREGION NORTE,PE-LAL,13,San Pedro de Lloc,1125.26,97.9880205463626,49,-7.41833333333333,-79.5147222222222,0.75924352677273399,0.21432340145111101,0.57922443766549003,24.337102,2.59242131849008
130800,120600,LA LIBERTAD,PATAZ,LA LIBERTAD,NORTE,MACROREGION NORTE,PE-LAL,13,Tayabamba,4226.53,20.0940251222634,3222,-8.275,-77.2961111111111,0.70751322813754303,0.62640845775604304,0.39285593577729799,48.008375,31.9864692450671
130900,120300,LA LIBERTAD,SANCHEZ CARRION,LA LIBERTAD,NORTE,MACROREGION NORTE,PE-LAL,13,Huamachuco,2486.38,71.7279740023649,3183,-7.81111111111111,-78.0466666666667,0.65894771604677305,0.69762957096099898,0.28632748315695999,49.198911,27.7165812182988
131000,120700,LA LIBERTAD,SANTIAGO DE CHUCO,LA LIBERTAD,NORTE,MACROREGION NORTE,PE-LAL,13,Santiago de Chuco,2658.96,22.7528808255859,3126,-8.14527777777777,-78.1736111111111,0.67530728187121503,0.65362942218780595,0.35237320843914299,46.286639,25.2302609698276
131100,121100,LA LIBERTAD,GRAN CHIMU,LA LIBERTAD,NORTE,MACROREGION NORTE,PE-LAL,13,Cascas,1284.77,24.2269044264732,1278,-7.47944444444445,-78.8197222222222,0.65097596068400398,0.56223660707473799,0.372397790744179,44.365317,23.6597279490214
131200,121200,LA LIBERTAD,VIRU,LA LIBERTAD,NORTE,MACROREGION NORTE,PE-LAL,13,Virú,3214.54,33.4781959471651,88,-8.41444444444445,-78.7527777777778,0.70402630607808903,0.40042161941528298,0.50023355771089295,33.211388,2.76453403717084
140100,130100,LAMBAYEQUE,CHICLAYO,LAMBAYEQUE,NORTE,MACROREGION NORTE,PE-LAM,14,Chiclayo,3288.07,283.282898478439,28,-6.76694444444444,-79.8505555555555,0.80916138550993699,0.191648900508881,0.57817632743065395,11.751687,0.681119824325721
140200,130200,LAMBAYEQUE,FERREÑAFE,LAMBAYEQUE,NORTE,MACROREGION NORTE,PE-LAM,14,Ferreñafe,1578.6,74.009248701381,38,-6.63888888888889,-79.7883333333333,0.678807079053658,0.43362259864807101,0.42300821979699699,28.527651,16.5550793588706
140300,130300,LAMBAYEQUE,LAMBAYEQUE,LAMBAYEQUE,NORTE,MACROREGION NORTE,PE-LAM,14,Lambayeque,9594.85,35.9425108261203,24,-6.70694444444445,-79.8952777777778,0.68380449062971704,0.39771038293838501,0.477565771225824,24.988091,2.4289832097869
150100,140100,LIMA,LIMA,LIMA PROVINCIA,LIMA METROPOLITANA,LIMA Y CALLAO,PE-LMA,26,Lima,2615.16,3902.17577509598,162,-12.0452777777778,-77.0308333333333,0.83323351527291101,0.26692008972168002,0.72551287150101096,26.25,3.05
150200,140900,LIMA,BARRANCA,LIMA REGION,CENTRO,LIMA Y CALLAO,PE-LIM,15,Barranca,1370.48,118.559920611756,74,-10.7533333333333,-77.765,0.80725958680898102,0.167416751384735,0.63070429597728805,12.25019,0.795406271019684
150300,140200,LIMA,CAJATAMBO,LIMA REGION,CENTRO,LIMA Y CALLAO,PE-LIM,15,Cajatambo,1515.21,5.06662442829707,3396,-10.4730555555556,-76.9930555555556,0.76213000990678503,0.59530526399612405,0.38451857822437602,31.632289,16.412594486395
150400,140300,LIMA,CANTA,LIMA REGION,CENTRO,LIMA Y CALLAO,PE-LIM,15,Canta,1731.16,8.58441738487488,2867,-11.4672222222222,-76.6244444444444,0.77395845708759603,0.43394088745117199,0.568441901944859,13.782371,3.29106196724283
150500,140400,LIMA,CAÑETE,LIMA REGION,CENTRO,LIMA Y CALLAO,PE-LIM,15,San Vicente de Cañete,4574.91,56.358922907773,77,-13.0777777777778,-76.3877777777778,0.75310871463171203,0.191181480884552,0.68456218064837704,14.284984,0.847808966856876
150600,140800,LIMA,HUARAL,LIMA REGION,CENTRO,LIMA Y CALLAO,PE-LIM,15,Huaral,3668.27,56.4347771565343,195,-11.4952777777778,-77.2069444444444,0.76298918278751904,0.21960675716400099,0.63224561923362799,12.282936,1.06787791682993
150700,140600,LIMA,HUAROCHIRI,LIMA REGION,CENTRO,LIMA Y CALLAO,PE-LIM,15,Matucana,5657.93,20.4520027642618,2395,-11.845,-76.3861111111111,0.74970169058784797,0.32756698131561302,0.55193283142041205,15.856552,3.20862064070644
150800,140500,LIMA,HUAURA,LIMA REGION,CENTRO,LIMA Y CALLAO,PE-LIM,15,Huacho,4902.2,50.054261352046,46,-11.1080555555556,-77.6102777777778,0.78172424198827095,0.21709322929382299,0.65096255194939801,13.558222,1.26288017283011
150900,141000,LIMA,OYON,LIMA REGION,CENTRO,LIMA Y CALLAO,PE-LIM,15,Oyón,1888.87,9.70474410626459,3648,-10.6680555555556,-76.7733333333333,0.81144317017586098,0.33051204681396501,0.57702007433688196,23.350857,3.55411005442089
151000,140700,LIMA,YAUYOS,LIMA REGION,CENTRO,LIMA Y CALLAO,PE-LIM,15,Yauyos,6899.33,3.90661122166935,2895,-12.4597222222222,-75.9183333333333,0.80702793970972997,0.52619808912277199,0.44663914851207898,25.397096,10.4716502535109
160100,150100,LORETO,MAYNAS,LORETO,ORIENTE,MACROREGION ORIENTE,PE-LOR,16,Iquitos,75069.16,7.82217357966973,107,-3.74805555555556,-73.2441666666667,0.69035168631590804,0.38658946752548201,0.56380771692093801,22.193636,4.85373375467886
160200,150200,LORETO,ALTO AMAZONAS,LORETO,ORIENTE,MACROREGION ORIENTE,PE-LOR,16,Yurimaguas,18839.02,8.1682062018088,150,-5.88416666666667,-76.1280555555555,0.58845282386031394,0.51869297027587902,0.43577930905374601,35.991293,20.6744098033398
160300,150300,LORETO,LORETO,LORETO,ORIENTE,MACROREGION ORIENTE,PE-LOR,16,Nauta,67073.26,1.28399901838676,127,-4.50138888888889,-73.5694444444444,0.50014310053142697,0.61943334341049205,0.36353866955143199,44.24397,15.11850375828
160400,150600,LORETO,MARISCAL RAMON CASTILLA,LORETO,ORIENTE,MACROREGION ORIENTE,PE-LOR,16,Caballococha,37064.54,2.20561215652481,86,-3.90611111111111,-70.5169444444445,0.50219242736720304,0.63414931297302302,0.35160249548356498,43.941127,12.2520457076107
160500,150400,LORETO,REQUENA,LORETO,ORIENTE,MACROREGION ORIENTE,PE-LOR,16,Requena,49680.46,1.59601984361658,116,-5.06388888888889,-73.8566666666667,0.53924564860737101,0.60493385791778598,0.37739834568746899,47.70384,14.3281777296352
160600,150500,LORETO,UCAYALI,LORETO,ORIENTE,MACROREGION ORIENTE,PE-LOR,16,Contamana,29293.47,2.58535434689028,138,-7.35055555555555,-75.0097222222222,0.57901320145288204,0.57829594612121604,0.40005791539381302,42.122971,15.3972308047383
160700,150700,LORETO,DATEM DEL MARAÑON,LORETO,ORIENTE,MACROREGION ORIENTE,PE-LOR,16,San Lorenzo,46640.93,1.71107222776218,134,-4.83111111111111,-76.555,0.40954937006430497,0.68581438064575195,0.319824439511323,44.834732,15.3944360002736
160800,150900,LORETO,PUTUMAYO,LORETO,ORIENTE,MACROREGION ORIENTE,PE-LOR,16,San Antonio del Estrecho,45138.64,0.243206264078847,131,-2.44694444444444,-72.6680555555555,0.41788691368623399,0.63030940294265803,0.39893466647989401,43.705072,16.053150122214
170100,160100,MADRE DE DIOS,TAMBOPATA,MADRE DE DIOS,SUR,MACROREGION SUR,PE-MDD,17,Puerto Maldonado,36268.49,4.04739761704995,204,-12.5936111111111,-69.1766666666667,0.73380312176784601,0.36038738489151001,0.61846243909341003,5.139307,0.143247233193802
170200,160200,MADRE DE DIOS,MANU,MADRE DE DIOS,SUR,MACROREGION SUR,PE-MDD,17,Salvación,27835.17,0.67770378266057,535,-12.8372222222222,-71.3652777777778,0.62488234400312603,0.42130988836288502,0.59453883898234505,6.464659,0.116843190289867
170300,160300,MADRE DE DIOS,TAHUAMANU,MADRE DE DIOS,SUR,MACROREGION SUR,PE-MDD,17,Iñapari,21196.88,0.56206385090636,238,-10.945,-69.5766666666667,0.70460202183540599,0.341075658798218,0.64439008878589499,5.270738,0.261723039080301
180100,170100,MOQUEGUA,MARISCAL NIETO,MOQUEGUA,SUR,MACROREGION SUR,PE-MOQ,18,Moquegua,8671.58,11.0879447574721,1428,-17.1941666666667,-70.9333333333333,0.78399322727295595,0.20853888988494901,0.69323998907309103,8.094168,1.63694136032764
180200,170200,MOQUEGUA,GENERAL SANCHEZ CERRO,MOQUEGUA,SUR,MACROREGION SUR,PE-MOQ,18,Omate,5681.71,2.79616523898615,2169,-16.6736111111111,-70.9705555555555,0.65533792757676201,0.52428811788559004,0.53086997718604401,20.51477,6.97583438486174
180300,170300,MOQUEGUA,ILO,MOQUEGUA,SUR,MACROREGION SUR,PE-MOQ,18,Ilo,1380.59,61.9916122817056,33,-17.625,-71.3433333333333,0.79228493965213198,0.170150101184845,0.68580838257618704,6.001835,0.314395282541975
190100,180100,PASCO,PASCO,PASCO,CENTRO,MACROREGION CENTRO,PE-PAS,19,Cerro de Pasco,5373.88,27.217206189941,4373,-10.6825,-76.2569444444444,0.75506999233580396,0.35829681158065801,0.545533872036433,29.954092,12.4788321220088
190200,180200,PASCO,DANIEL ALCIDES CARRION,PASCO,CENTRO,MACROREGION CENTRO,PE-PAS,19,Yanahuanca,1884.81,17.6601355043744,3203,-10.4913888888889,-76.5163888888889,0.64739480216775303,0.64686071872711204,0.369968545187911,60.275741,31.7426614430135
190300,180300,PASCO,OXAPAMPA,PASCO,CENTRO,MACROREGION CENTRO,PE-PAS,19,Oxapampa,17767.15,6.46316376008533,1832,-10.575,-75.4047222222222,0.65461332918642401,0.53935086727142301,0.42782213065428998,33.800249,22.3794629869296
200100,190100,PIURA,PIURA,PIURA,NORTE,MACROREGION NORTE,PE-PIU,20,Piura,6076.79,141.538377992328,57,-5.1525,-80.6577777777778,0.72239992207833803,0.27502888441085799,0.56893675120805998,23.014773,5.78679200342213
200200,190200,PIURA,AYABACA,PIURA,NORTE,MACROREGION NORTE,PE-PIU,20,Ayabaca,5221.39,29.1696272448524,2735,-4.64055555555555,-79.7152777777778,0.59208906666387096,0.67174690961837802,0.24981413331914801,55.675077,29.6641160628123
200300,190300,PIURA,HUANCABAMBA,PIURA,NORTE,MACROREGION NORTE,PE-PIU,20,Huancabamba,4267.36,31.8203760638896,1955,-5.23861111111111,-79.4502777777778,0.61739397131784901,0.706886887550354,0.26483999769420202,49.241792,33.8821859147366
200400,190400,PIURA,MORROPON,PIURA,NORTE,MACROREGION NORTE,PE-PIU,20,Chulucanas,3793.14,49.5462861903331,135,-5.09722222222222,-80.1602777777778,0.69859164358319603,0.48520648479461698,0.431884363464973,35.203784,12.8892090341758
200500,190500,PIURA,PAITA,PIURA,NORTE,MACROREGION NORTE,PE-PIU,20,Paita,1727.79,80.5352502329565,71,-5.09305555555555,-81.0994444444444,0.69572714401033497,0.28164380788803101,0.54765632852582202,22.505042,3.42765624386269
200600,190600,PIURA,SULLANA,PIURA,NORTE,MACROREGION NORTE,PE-PIU,20,Sullana,5458.93,64.3521715794121,76,-4.89055555555555,-80.6877777777778,0.72598982362222697,0.26989406347274802,0.54219001519148502,21.937765,3.27604891971095
200700,190700,PIURA,TALARA,PIURA,NORTE,MACROREGION NORTE,PE-PIU,20,Talara,2799.49,55.4411696416133,23,-4.57944444444445,-81.2694444444444,0.75007042529286405,0.21080392599105799,0.58452114196370497,15.648011,1.68774681082316
200800,190800,PIURA,SECHURA,PIURA,NORTE,MACROREGION NORTE,PE-PIU,20,Sechura,6311.29,13.8905041600053,12,-5.55722222222222,-80.8222222222222,0.692684437211181,0.34308862686157199,0.46731170400146599,28.140204,3.19363626177012
210100,200100,PUNO,PUNO,PUNO,SUR,MACROREGION SUR,PE-PUN,21,Puno,6492.6,37.666266210763,3848,-15.8402777777778,-70.0280555555555,0.71014612334249605,0.430523931980133,0.54255907730854802,27.154658,8.33643074396469
210200,200200,PUNO,AZANGARO,PUNO,SUR,MACROREGION SUR,PE-PUN,21,Azángaro,4970.01,27.2929028311814,3878,-14.9080555555556,-70.1955555555556,0.59792071817903802,0.63945782184600797,0.31910205312456402,41.409255,18.755939487072
210300,200300,PUNO,CARABAYA,PUNO,SUR,MACROREGION SUR,PE-PUN,21,Macusani,12266.4,5.54865323159199,4311,-14.0686111111111,-70.4311111111111,0.57553189011310701,0.66343212127685502,0.34043529700681302,49.308663,15.3125016248372
210400,200400,PUNO,CHUCUITO,PUNO,SUR,MACROREGION SUR,PE-PUN,21,Juli,3978.13,20.6338153856209,3878,-16.2127777777778,-69.4594444444444,0.58686035788968605,0.62519776821136497,0.34518402872773501,48.575661,16.8415639092259
210500,201200,PUNO,EL COLLAO,PUNO,SUR,MACROREGION SUR,PE-PUN,21,Ilave,5600.51,12.704021598033,3907,-16.0869444444444,-69.6380555555555,0.59119419353288305,0.62967973947525002,0.37933613655624798,41.103113,14.0098046933525
210600,200500,PUNO,HUANCANE,PUNO,SUR,MACROREGION SUR,PE-PUN,21,Huancané,2805.85,25.2768323324483,3866,-15.2008333333333,-69.7677777777778,0.62938499192799102,0.69132733345031705,0.317619644629901,43.109768,17.9908672054906
210700,200600,PUNO,LAMPA,PUNO,SUR,MACROREGION SUR,PE-PUN,21,Lampa,5791.73,8.25798163933747,3881,-15.3647222222222,-70.3677777777778,0.58239534765744205,0.60489487648010298,0.430827933289683,47.597969,13.0096571511619
210800,200700,PUNO,MELGAR,PUNO,SUR,MACROREGION SUR,PE-PUN,21,Ayaviri,6446.85,11.7724159861017,3937,-14.8816666666667,-70.5894444444444,0.65464325515792898,0.48763644695281999,0.42942049264437299,41.451156,15.6036439821486
210900,201300,PUNO,MOHO,PUNO,SUR,MACROREGION SUR,PE-PUN,21,Moho,1003.81,27.0021219155019,3902,-15.3602777777778,-69.4997222222222,0.67690933005225995,0.74082052707672097,0.28031193172688501,47.933354,25.9449671890432
211000,201100,PUNO,SAN ANTONIO DE PUTINA,PUNO,SUR,MACROREGION SUR,PE-PUN,21,Putina,3207.38,9.96826069876348,3878,-14.9141666666667,-69.8688888888888,0.58567592576518002,0.48848456144332902,0.49988488264675701,39.151877,9.37009200476291
211100,200900,PUNO,SAN ROMAN,PUNO,SUR,MACROREGION SUR,PE-PUN,21,Juliaca,2277.63,143.388961332613,3877,-15.4838888888889,-70.1333333333333,0.71401467607137603,0.39834201335906999,0.55864923904576602,23.111311,4.94377480617441
211200,200800,PUNO,SANDIA,PUNO,SUR,MACROREGION SUR,PE-PUN,21,Sandia,11862.41,4.84530546490974,2206,-14.3222222222222,-69.4663888888889,0.55587316282684196,0.68383193016052302,0.40768040552759499,37.938648,10.9472359684988
211300,201000,PUNO,YUNGUYO,PUNO,SUR,MACROREGION SUR,PE-PUN,21,Yunguyo,290.21,137.86568347059,3850,-16.2266666666667,-69.0955555555555,0.71867028410793898,0.64619374275207497,0.37051538396891698,45.227168,14.9019593822142
220100,210100,SAN MARTIN,MOYOBAMBA,SAN MARTIN,ORIENTE,MACROREGION ORIENTE,PE-SAM,22,Moyobamba,3772.31,39.2149637755115,895,-6.03472222222222,-76.9741666666667,0.71484440725799903,0.39492756128311202,0.48825333700065199,21.803934,5.53644834119834
220200,210700,SAN MARTIN,BELLAVISTA,SAN MARTIN,ORIENTE,MACROREGION ORIENTE,PE-SAM,22,Bellavista,8050.9,8.0670484045262,330,-7.05222222222222,-76.5897222222222,0.61960269209119401,0.58493804931640603,0.41952273520293498,31.523225,6.68932638912547
220300,211000,SAN MARTIN,EL DORADO,SAN MARTIN,ORIENTE,MACROREGION ORIENTE,PE-SAM,22,San José De Sisa,1298.14,34.4130833346172,342,-6.61388888888889,-76.6952777777778,0.65964250697285898,0.63615131378173795,0.33086430464970601,34.965932,14.5654176614712
220400,210200,SAN MARTIN,HUALLAGA,SAN MARTIN,ORIENTE,MACROREGION ORIENTE,PE-SAM,22,Saposoa,2380.85,13.7795325198984,317,-6.93666666666667,-76.7722222222222,0.65981075707388304,0.56709086894989003,0.40830991598501698,21.980569,9.680059282483
220500,210300,SAN MARTIN,LAMAS,SAN MARTIN,ORIENTE,MACROREGION ORIENTE,PE-SAM,22,Lamas,5082.54,19.2157858078835,764,-6.42388888888889,-76.5233333333333,0.65814963424710304,0.61279255151748702,0.36428462315507298,28.74126,16.1960978875257
220600,210400,SAN MARTIN,MARISCAL CACERES,SAN MARTIN,ORIENTE,MACROREGION ORIENTE,PE-SAM,22,Juanjuí,14498.73,5.18238493992232,299,-7.17666666666667,-76.7238888888889,0.67399302479618695,0.498643338680267,0.44676891991103601,24.267661,4.94336343939125
220700,210900,SAN MARTIN,PICOTA,SAN MARTIN,ORIENTE,MACROREGION ORIENTE,PE-SAM,22,Picota,2171.41,22.3895993847316,228,-6.92,-76.3302777777778,0.66607342986007301,0.55314880609512396,0.43875531362626002,32.207081,9.23177555938188
220800,210500,SAN MARTIN,RIOJA,SAN MARTIN,ORIENTE,MACROREGION ORIENTE,PE-SAM,22,Rioja,2535.04,59.9513222671043,850,-6.0625,-77.1683333333333,0.71126229630538895,0.44244009256362898,0.46839804692259301,29.327925,3.82450920818925
220900,210600,SAN MARTIN,SAN MARTIN,SAN MARTIN,ORIENTE,MACROREGION ORIENTE,PE-SAM,22,Tarapoto,5650.42,38.2001691909628,342,-6.48944444444445,-76.3602777777778,0.77044542388742698,0.29447567462921198,0.60751301693001802,15.342847,7.07300990282621
221000,210800,SAN MARTIN,TOCACHE,SAN MARTIN,ORIENTE,MACROREGION ORIENTE,PE-SAM,22,Tocache,5865.44,14.632832319485,519,-8.18833333333333,-76.5094444444444,0.67434068390157098,0.473518967628479,0.50556720047022197,20.587863,6.79420320607917
230100,220100,TACNA,TACNA,TACNA,SUR,MACROREGION SUR,PE-TAC,23,Tacna,8066.11,43.7866580049119,583,-18.0019444444444,-70.2519444444444,0.77770520763673301,0.19664657115936299,0.60787284103689998,14.640195,1.18324279915677
230200,220400,TACNA,CANDARAVE,TACNA,SUR,MACROREGION SUR,PE-TAC,23,Candarave,2261.1,3.23559329529875,3427,-17.2680555555556,-70.2502777777778,0.691833353212712,0.56709676980972301,0.36767445315709701,26.878498,14.1461400787992
230300,220300,TACNA,JORGE BASADRE,TACNA,SUR,MACROREGION SUR,PE-TAC,23,Locumba,2928.56,3.79196601742836,589,-17.6138888888889,-70.7627777777778,0.79950029722890004,0.230180203914642,0.680273531494902,7.899813,0.522034165506221
230400,220200,TACNA,TARATA,TACNA,SUR,MACROREGION SUR,PE-TAC,23,Tarata,2819.96,2.76280514617229,3077,-17.475,-70.0319444444445,0.74102739526049399,0.51382416486740101,0.430831228039735,32.01537,16.469577299987
240100,230100,TUMBES,TUMBES,TUMBES,NORTE,MACROREGION NORTE,PE-TUM,24,Tumbes,1800.15,95.7436880259978,9,-3.57111111111111,-80.4591666666667,0.760804842904098,0.19940829277038599,0.59013472763824104,10.20199,0.38507726055012
240200,230200,TUMBES,CONTRALMIRANTE VILLAR,TUMBES,NORTE,MACROREGION NORTE,PE-TUM,24,Zorritos,2123.22,10.4732434698241,11,-3.6775,-80.6680555555555,0.70615925497320498,0.25124233961105302,0.54422894624976303,10.800067,0.204547640898368
240300,230300,TUMBES,ZARUMILLA,TUMBES,NORTE,MACROREGION NORTE,PE-TUM,24,Zarumilla,745.13,71.808946089944,15,-3.50111111111111,-80.2755555555555,0.70080843792963998,0.27402240037918102,0.50908735999327404,9.46335,0.248655258478875
250100,250100,UCAYALI,CORONEL PORTILLO,UCAYALI,ORIENTE,MACROREGION ORIENTE,PE-UCA,25,Pucallpa,36844.75,12.9501760766459,162,-8.36805555555556,-74.5433333333333,0.66397663263374096,0.36536133289337203,0.52348384059550501,9.493166,0.50885923010188
250200,250300,UCAYALI,ATALAYA,UCAYALI,ORIENTE,MACROREGION ORIENTE,PE-UCA,25,Atalaya,38914.29,1.83331110499511,256,-10.7297222222222,-73.7552777777778,0.48931411931246199,0.60074007511138905,0.32639540870573203,32.247278,6.17068497058339
250300,250200,UCAYALI,PADRE ABAD,UCAYALI,ORIENTE,MACROREGION ORIENTE,PE-UCA,25,Aguaytía,8592.48,9.2378451855576,275,-9.03361111111111,-75.5075,0.62781513934614797,0.47815930843353299,0.43860530397535802,10.546099,1.08592544721427
250400,250400,UCAYALI,PURUS,UCAYALI,ORIENTE,MACROREGION ORIENTE,PE-UCA,25,Esperanza,17847.76,0.279979112224727,228,-9.77222222222223,-70.7097222222222,0.44967001573199999,0.56426972150802601,0.34842682235896699,31.928338,1.57847
